#category	term ID	term description	observed gene count	background gene count	strength	signal	false discovery rate	matching proteins in your network (IDs)	matching proteins in your network (labels)
GO Process	GO:0006696	Ergosterol biosynthetic process	6	25	1.94	2.75	2.74e-07	498019.A0A2H0ZC88,498019.A0A2H0ZD52,498019.A0A2H0ZRG0,498019.A0A2H1A309,498019.A0A2H1A7G3,498019.A0A2H1A7Q6	B9J08_004943,B9J08_005230,B9J08_002852,Erg11,B9J08_000261,B9J08_000367
GO Process	GO:1990961	Xenobiotic detoxification by transmembrane export across the plasma membrane	4	10	2.16	2.32	9.23e-06	498019.A0A2H0ZP18,498019.A0A2H0ZWG2,498019.A0A2H1A768,498019.A0A2H1A801	B9J08_003981,B9J08_002451,XP_028892569,B9J08_000479
GO Process	GO:0008610	Lipid biosynthetic process	7	162	1.19	1.29	2.23e-05	498019.A0A2H0ZC88,498019.A0A2H0ZD52,498019.A0A2H0ZNC5,498019.A0A2H0ZRG0,498019.A0A2H1A309,498019.A0A2H1A7G3,498019.A0A2H1A7Q6	B9J08_004943,B9J08_005230,B9J08_003737,B9J08_002852,Erg11,B9J08_000261,B9J08_000367
GO Process	GO:0042221	Response to chemical	5	227	0.9	0.49	0.0358	498019.A0A2H0ZHR4,498019.A0A2H0ZP18,498019.A0A2H0ZWG2,498019.A0A2H1A768,498019.A0A2H1A801	B9J08_004819,B9J08_003981,B9J08_002451,XP_028892569,B9J08_000479
GO Function	GO:0016705	Oxidoreductase activity, acting on paired donors, with incorporation or reduction of molecular oxygen	5	47	1.58	1.45	0.00025	498019.A0A2H0ZD52,498019.A0A2H0ZNC5,498019.A0A2H1A309,498019.A0A2H1A7G3,498019.A0A2H1A7Q6	B9J08_005230,B9J08_003737,Erg11,B9J08_000261,B9J08_000367
GO Function	GO:0004497	Monooxygenase activity	4	27	1.73	1.36	0.00077	498019.A0A2H0ZD52,498019.A0A2H1A309,498019.A0A2H1A7G3,498019.A0A2H1A7Q6	B9J08_005230,Erg11,B9J08_000261,B9J08_000367
GO Function	GO:0005506	Iron ion binding	4	37	1.59	1.18	0.0016	498019.A0A2H0ZD52,498019.A0A2H0ZNC5,498019.A0A2H1A309,498019.A0A2H1A7Q6	B9J08_005230,B9J08_003737,Erg11,B9J08_000367
GO Function	GO:0000254	C-4 methylsterol oxidase activity	2	2	2.56	0.97	0.0112	498019.A0A2H0ZD52,498019.A0A2H1A7Q6	B9J08_005230,B9J08_000367
GO Function	GO:0046914	Transition metal ion binding	7	379	0.82	0.55	0.0112	498019.A0A2H0ZD52,498019.A0A2H0ZHR4,498019.A0A2H0ZHW2,498019.A0A2H0ZNC5,498019.A0A2H1A309,498019.A0A2H1A7H1,498019.A0A2H1A7Q6	B9J08_005230,B9J08_004819,B9J08_004820,B9J08_003737,Erg11,XP_028892667,B9J08_000367
GO Function	GO:0140359	ABC-type transporter activity	3	21	1.71	0.89	0.0112	498019.A0A2H0ZWG2,498019.A0A2H1A768,498019.A0A2H1A801	B9J08_002451,XP_028892569,B9J08_000479
GO Function	GO:0043167	Ion binding	11	1356	0.47	0.33	0.0205	498019.A0A2H0ZD52,498019.A0A2H0ZHR4,498019.A0A2H0ZHW2,498019.A0A2H0ZNC5,498019.A0A2H0ZWG2,498019.A0A2H1A309,498019.A0A2H1A768,498019.A0A2H1A7G3,498019.A0A2H1A7H1,498019.A0A2H1A7Q6,498019.A0A2H1A801	B9J08_005230,B9J08_004819,B9J08_004820,B9J08_003737,B9J08_002451,Erg11,XP_028892569,B9J08_000261,XP_028892667,B9J08_000367,B9J08_000479
GO Function	GO:0016491	Oxidoreductase activity	6	322	0.83	0.5	0.0219	498019.A0A2H0ZD52,498019.A0A2H0ZNC5,498019.A0A2H0ZRG0,498019.A0A2H1A309,498019.A0A2H1A7G3,498019.A0A2H1A7Q6	B9J08_005230,B9J08_003737,B9J08_002852,Erg11,B9J08_000261,B9J08_000367
GO Function	GO:0016709	Oxidoreductase activity, acting on paired donors, with incorporation or reduction of molecular oxygen, NAD(P)H as one donor, and incorporation of one atom of oxygen	2	7	2.01	0.73	0.0311	498019.A0A2H1A309,498019.A0A2H1A7G3	Erg11,B9J08_000261
GO Component	GO:0016020	Membrane	13	1415	0.52	0.43	0.0012	498019.A0A2H0ZC88,498019.A0A2H0ZD52,498019.A0A2H0ZNC5,498019.A0A2H0ZP18,498019.A0A2H0ZRG0,498019.A0A2H0ZWG2,498019.A0A2H0ZZQ6,498019.A0A2H1A309,498019.A0A2H1A768,498019.A0A2H1A7G3,498019.A0A2H1A7H1,498019.A0A2H1A7Q6,498019.A0A2H1A801	B9J08_004943,B9J08_005230,B9J08_003737,B9J08_003981,B9J08_002852,B9J08_002451,B9J08_001847,Erg11,XP_028892569,B9J08_000261,XP_028892667,B9J08_000367,B9J08_000479
STRING clusters	CL:7085	Mixed, incl. Alcohol biosynthetic process, and Sphingolipid metabolic process	10	72	1.7	3.65	1.11e-12	498019.A0A2H0ZC88,498019.A0A2H0ZD52,498019.A0A2H0ZHR4,498019.A0A2H0ZNC5,498019.A0A2H0ZP18,498019.A0A2H0ZRG0,498019.A0A2H1A309,498019.A0A2H1A7G3,498019.A0A2H1A7H1,498019.A0A2H1A7Q6	B9J08_004943,B9J08_005230,B9J08_004819,B9J08_003737,B9J08_003981,B9J08_002852,Erg11,B9J08_000261,XP_028892667,B9J08_000367
STRING clusters	CL:7090	Ergosterol biosynthetic process	7	23	2.04	4.01	1.29e-10	498019.A0A2H0ZC88,498019.A0A2H0ZD52,498019.A0A2H0ZNC5,498019.A0A2H0ZRG0,498019.A0A2H1A309,498019.A0A2H1A7G3,498019.A0A2H1A7Q6	B9J08_004943,B9J08_005230,B9J08_003737,B9J08_002852,Erg11,B9J08_000261,B9J08_000367
STRING clusters	CL:7092	Steroid biosynthesis	5	12	2.18	3.19	7.39e-08	498019.A0A2H0ZC88,498019.A0A2H0ZNC5,498019.A0A2H1A309,498019.A0A2H1A7G3,498019.A0A2H1A7Q6	B9J08_004943,B9J08_003737,Erg11,B9J08_000261,B9J08_000367
STRING clusters	CL:8852	CDR ABC transporter, and Transport of RCbl within the body	3	8	2.13	1.61	0.00039	498019.A0A2H0ZWG2,498019.A0A2H1A768,498019.A0A2H1A801	B9J08_002451,XP_028892569,B9J08_000479
KEGG	caur00100	Steroid biosynthesis	6	16	2.13	3.8	1.39e-09	498019.A0A2H0ZC88,498019.A0A2H0ZNC5,498019.A0A2H0ZRG0,498019.A0A2H1A309,498019.A0A2H1A7G3,498019.A0A2H1A7Q6	B9J08_004943,B9J08_003737,B9J08_002852,Erg11,B9J08_000261,B9J08_000367
KEGG	caur02010	ABC transporters	3	18	1.78	1.26	0.0015	498019.A0A2H0ZWG2,498019.A0A2H1A768,498019.A0A2H1A801	B9J08_002451,XP_028892569,B9J08_000479
KEGG	caur01110	Biosynthesis of secondary metabolites	6	322	0.83	0.58	0.0066	498019.A0A2H0ZC88,498019.A0A2H0ZNC5,498019.A0A2H0ZRG0,498019.A0A2H1A309,498019.A0A2H1A7G3,498019.A0A2H1A7Q6	B9J08_004943,B9J08_003737,B9J08_002852,Erg11,B9J08_000261,B9J08_000367
Reactome	MAP-191273	Cholesterol biosynthesis	6	27	1.9	2.81	1.40e-07	498019.A0A2H0ZD52,498019.A0A2H0ZNC5,498019.A0A2H0ZRG0,498019.A0A2H1A309,498019.A0A2H1A7G3,498019.A0A2H1A7Q6	B9J08_005230,B9J08_003737,B9J08_002852,Erg11,B9J08_000261,B9J08_000367
Reactome	MAP-8957322	Metabolism of steroids	6	69	1.5	1.74	1.20e-05	498019.A0A2H0ZD52,498019.A0A2H0ZNC5,498019.A0A2H0ZRG0,498019.A0A2H1A309,498019.A0A2H1A7G3,498019.A0A2H1A7Q6	B9J08_005230,B9J08_003737,B9J08_002852,Erg11,B9J08_000261,B9J08_000367
Reactome	MAP-8963899	Plasma lipoprotein remodeling	3	8	2.13	1.46	0.00086	498019.A0A2H0ZWG2,498019.A0A2H1A768,498019.A0A2H1A801	B9J08_002451,XP_028892569,B9J08_000479
Reactome	MAP-8964058	HDL remodeling	3	8	2.13	1.46	0.00086	498019.A0A2H0ZWG2,498019.A0A2H1A768,498019.A0A2H1A801	B9J08_002451,XP_028892569,B9J08_000479
Reactome	MAP-1369062	ABC transporters in lipid homeostasis	3	12	1.95	1.33	0.0014	498019.A0A2H0ZWG2,498019.A0A2H1A768,498019.A0A2H1A801	B9J08_002451,XP_028892569,B9J08_000479
Reactome	MAP-174824	Plasma lipoprotein assembly, remodeling, and clearance	3	24	1.65	0.95	0.0074	498019.A0A2H0ZWG2,498019.A0A2H1A768,498019.A0A2H1A801	B9J08_002451,XP_028892569,B9J08_000479
Reactome	MAP-382556	ABC-family proteins mediated transport	3	32	1.53	0.82	0.0139	498019.A0A2H0ZWG2,498019.A0A2H1A768,498019.A0A2H1A801	B9J08_002451,XP_028892569,B9J08_000479
Reactome	MAP-556833	Metabolism of lipids	6	303	0.85	0.55	0.0139	498019.A0A2H0ZD52,498019.A0A2H0ZNC5,498019.A0A2H0ZRG0,498019.A0A2H1A309,498019.A0A2H1A7G3,498019.A0A2H1A7Q6	B9J08_005230,B9J08_003737,B9J08_002852,Erg11,B9J08_000261,B9J08_000367
COMPARTMENTS	GOCC:0005783	Endoplasmic reticulum	7	313	0.91	0.62	0.0074	498019.A0A2H0ZC88,498019.A0A2H0ZD52,498019.A0A2H0ZNC5,498019.A0A2H0ZRG0,498019.A0A2H1A309,498019.A0A2H1A7G3,498019.A0A2H1A7Q6	B9J08_004943,B9J08_005230,B9J08_003737,B9J08_002852,Erg11,B9J08_000261,B9J08_000367
COMPARTMENTS	GOCC:0012505	Endomembrane system	8	627	0.66	0.39	0.0384	498019.A0A2H0ZC88,498019.A0A2H0ZD52,498019.A0A2H0ZNC5,498019.A0A2H0ZRG0,498019.A0A2H0ZZQ6,498019.A0A2H1A309,498019.A0A2H1A7G3,498019.A0A2H1A7Q6	B9J08_004943,B9J08_005230,B9J08_003737,B9J08_002852,B9J08_001847,Erg11,B9J08_000261,B9J08_000367
UniProt Keywords	KW-0560	Oxidoreductase	6	203	1.03	0.76	0.0033	498019.A0A2H0ZD52,498019.A0A2H0ZNC5,498019.A0A2H0ZRG0,498019.A0A2H1A309,498019.A0A2H1A7G3,498019.A0A2H1A7Q6	B9J08_005230,B9J08_003737,B9J08_002852,Erg11,B9J08_000261,B9J08_000367
UniProt Keywords	KW-1133	Transmembrane helix	10	882	0.61	0.47	0.0033	498019.A0A2H0ZC88,498019.A0A2H0ZNC5,498019.A0A2H0ZP18,498019.A0A2H0ZRG0,498019.A0A2H0ZWG2,498019.A0A2H1A309,498019.A0A2H1A768,498019.A0A2H1A7G3,498019.A0A2H1A7Q6,498019.A0A2H1A801	B9J08_004943,B9J08_003737,B9J08_003981,B9J08_002852,B9J08_002451,Erg11,XP_028892569,B9J08_000261,B9J08_000367,B9J08_000479
UniProt Keywords	KW-0256	Endoplasmic reticulum	4	138	1.02	0.56	0.0282	498019.A0A2H0ZC88,498019.A0A2H0ZRG0,498019.A0A2H0ZZQ6,498019.A0A2H1A7G3	B9J08_004943,B9J08_002852,B9J08_001847,B9J08_000261
Pfam	PF01061	ABC-2 type transporter	3	7	2.19	1.52	0.00067	498019.A0A2H0ZWG2,498019.A0A2H1A768,498019.A0A2H1A801	B9J08_002451,XP_028892569,B9J08_000479
Pfam	PF06422	CDR ABC transporter	3	5	2.34	1.54	0.00067	498019.A0A2H0ZWG2,498019.A0A2H1A768,498019.A0A2H1A801	B9J08_002451,XP_028892569,B9J08_000479
Pfam	PF14510	ABC-transporter N-terminal	3	5	2.34	1.54	0.00067	498019.A0A2H0ZWG2,498019.A0A2H1A768,498019.A0A2H1A801	B9J08_002451,XP_028892569,B9J08_000479
Pfam	PF04116	Fatty acid hydroxylase	2	4	2.26	0.85	0.0188	498019.A0A2H0ZNC5,498019.A0A2H1A7Q6	B9J08_003737,B9J08_000367
InterPro	IPR005285	Pleiotropic drug resistance protein PDR/CDR	3	3	2.56	1.56	0.00069	498019.A0A2H0ZWG2,498019.A0A2H1A768,498019.A0A2H1A801	B9J08_002451,XP_028892569,B9J08_000479
InterPro	IPR006694	Fatty acid hydroxylase	3	5	2.34	1.54	0.00069	498019.A0A2H0ZD52,498019.A0A2H0ZNC5,498019.A0A2H1A7Q6	B9J08_005230,B9J08_003737,B9J08_000367
InterPro	IPR010929	CDR ABC transporter	3	4	2.43	1.55	0.00069	498019.A0A2H0ZWG2,498019.A0A2H1A768,498019.A0A2H1A801	B9J08_002451,XP_028892569,B9J08_000479
InterPro	IPR013525	ABC-2 type transporter, transmembrane domain	3	6	2.26	1.53	0.00069	498019.A0A2H0ZWG2,498019.A0A2H1A768,498019.A0A2H1A801	B9J08_002451,XP_028892569,B9J08_000479
InterPro	IPR029481	Pleiotropic ABC efflux transporter, N-terminal domain	3	4	2.43	1.55	0.00069	498019.A0A2H0ZWG2,498019.A0A2H1A768,498019.A0A2H1A801	B9J08_002451,XP_028892569,B9J08_000479
InterPro	IPR034001	ATP-binding cassette transporter, PDR-like subfamily G, domain 1	3	4	2.43	1.55	0.00069	498019.A0A2H0ZWG2,498019.A0A2H1A768,498019.A0A2H1A801	B9J08_002451,XP_028892569,B9J08_000479
InterPro	IPR034003	ATP-binding cassette transporter, PDR-like subfamily G, domain 2	3	4	2.43	1.55	0.00069	498019.A0A2H0ZWG2,498019.A0A2H1A768,498019.A0A2H1A801	B9J08_002451,XP_028892569,B9J08_000479
InterPro	IPR003439	ABC transporter-like, ATP-binding domain	3	24	1.65	0.87	0.0122	498019.A0A2H0ZWG2,498019.A0A2H1A768,498019.A0A2H1A801	B9J08_002451,XP_028892569,B9J08_000479
InterPro	IPR050307	Sterol Desaturase and Related Enzymes	2	3	2.38	0.89	0.0161	498019.A0A2H0ZNC5,498019.A0A2H1A7Q6	B9J08_003737,B9J08_000367
InterPro	IPR043926	ABC transporter family G domain	2	4	2.26	0.82	0.0217	498019.A0A2H0ZWG2,498019.A0A2H1A801	B9J08_002451,B9J08_000479
InterPro	IPR050987	ABC-transporter-regulating transcription factor-like	2	4	2.26	0.82	0.0217	498019.A0A2H0ZHR4,498019.A0A2H0ZHW2	B9J08_004819,B9J08_004820
