#node1	node2	node1_string_id	node2_string_id	neighborhood_on_chromosome	gene_fusion	phylogenetic_cooccurrence	homology	coexpression	experimentally_determined_interaction	database_annotated	automated_textmining	combined_score
B9J08_000261	B9J08_004943	498019.A0A2H1A7G3	498019.A0A2H0ZC88	0	0	0	0	0.163	0.948	0	0.850	0.992
B9J08_000261	B9J08_005230	498019.A0A2H1A7G3	498019.A0A2H0ZD52	0	0	0	0	0.707	0.758	0	0.644	0.972
B9J08_000261	B9J08_003737	498019.A0A2H1A7G3	498019.A0A2H0ZNC5	0	0	0	0	0.486	0.095	0	0.852	0.925
B9J08_000261	B9J08_002852	498019.A0A2H1A7G3	498019.A0A2H0ZRG0	0	0	0	0	0.193	0.948	0	0.836	0.992
B9J08_000261	Erg11	498019.A0A2H1A7G3	498019.A0A2H1A309	0	0	0.212	0	0.919	0.602	0.072	0.854	0.995
B9J08_000261	XP_028892667	498019.A0A2H1A7G3	498019.A0A2H1A7H1	0	0	0	0	0.412	0.042	0	0.635	0.776
B9J08_000261	B9J08_000367	498019.A0A2H1A7G3	498019.A0A2H1A7Q6	0	0	0	0	0.707	0.758	0	0.644	0.972
B9J08_000367	B9J08_004943	498019.A0A2H1A7Q6	498019.A0A2H0ZC88	0	0	0	0	0.268	0.758	0.109	0.642	0.935
B9J08_000367	B9J08_003737	498019.A0A2H1A7Q6	498019.A0A2H0ZNC5	0	0	0.224	0	0.775	0.758	0	0.649	0.983
B9J08_000367	B9J08_002852	498019.A0A2H1A7Q6	498019.A0A2H0ZRG0	0	0	0	0	0.118	0.758	0.334	0.643	0.942
B9J08_000367	Erg11	498019.A0A2H1A7Q6	498019.A0A2H1A309	0	0	0	0	0.789	0.758	0.053	0.654	0.981
B9J08_000367	XP_028892667	498019.A0A2H1A7Q6	498019.A0A2H1A7H1	0	0	0	0	0	0.062	0	0.421	0.433
B9J08_000479	B9J08_002451	498019.A0A2H1A801	498019.A0A2H0ZWG2	0	0	0.054	0.973	0	0	0.900	0	0.901
B9J08_000479	XP_028892569	498019.A0A2H1A801	498019.A0A2H1A768	0	0	0.058	0.965	0	0	0.900	0	0.901
B9J08_001847	Erg11	498019.A0A2H0ZZQ6	498019.A0A2H1A309	0	0	0	0	0	0.820	0	0.434	0.893
B9J08_002451	XP_028892569	498019.A0A2H0ZWG2	498019.A0A2H1A768	0	0	0.058	0.964	0	0	0.900	0	0.901
B9J08_002852	B9J08_004943	498019.A0A2H0ZRG0	498019.A0A2H0ZC88	0	0	0	0	0.254	0.342	0	0.854	0.922
B9J08_002852	B9J08_005230	498019.A0A2H0ZRG0	498019.A0A2H0ZD52	0	0	0	0	0.118	0.758	0.334	0.643	0.942
B9J08_002852	B9J08_003737	498019.A0A2H0ZRG0	498019.A0A2H0ZNC5	0	0	0	0	0.270	0.342	0.199	0.854	0.936
B9J08_002852	XP_028892667	498019.A0A2H0ZRG0	498019.A0A2H1A7H1	0	0	0	0	0	0.045	0	0.552	0.553
B9J08_002852	Erg11	498019.A0A2H0ZRG0	498019.A0A2H1A309	0	0	0	0	0.231	0.948	0.363	0.850	0.995
B9J08_003737	B9J08_004943	498019.A0A2H0ZNC5	498019.A0A2H0ZC88	0	0	0	0	0.521	0.565	0.916	0.854	0.997
B9J08_003737	B9J08_005230	498019.A0A2H0ZNC5	498019.A0A2H0ZD52	0	0	0	0	0.775	0.758	0	0.649	0.979
B9J08_003737	B9J08_004819	498019.A0A2H0ZNC5	498019.A0A2H0ZHR4	0	0	0	0	0	0	0	0.601	0.601
B9J08_003737	B9J08_003981	498019.A0A2H0ZNC5	498019.A0A2H0ZP18	0	0	0	0	0	0.042	0	0.485	0.485
B9J08_003737	XP_028892667	498019.A0A2H0ZNC5	498019.A0A2H1A7H1	0	0	0	0	0.079	0.362	0	0.794	0.868
B9J08_003737	Erg11	498019.A0A2H0ZNC5	498019.A0A2H1A309	0	0	0	0	0.626	0.793	0.053	0.854	0.987
B9J08_003981	B9J08_004819	498019.A0A2H0ZP18	498019.A0A2H0ZHR4	0	0	0	0	0	0.042	0	0.710	0.710
B9J08_003981	XP_028892667	498019.A0A2H0ZP18	498019.A0A2H1A7H1	0	0	0	0	0	0.047	0	0.669	0.671
B9J08_003981	Erg11	498019.A0A2H0ZP18	498019.A0A2H1A309	0	0	0	0	0	0.047	0	0.741	0.742
B9J08_004819	Erg11	498019.A0A2H0ZHR4	498019.A0A2H1A309	0	0	0	0	0	0.047	0	0.731	0.732
B9J08_004819	XP_028892667	498019.A0A2H0ZHR4	498019.A0A2H1A7H1	0	0	0	0	0	0.062	0.070	0.722	0.736
B9J08_004943	XP_028892667	498019.A0A2H0ZC88	498019.A0A2H1A7H1	0	0	0	0	0	0.646	0	0.740	0.904
B9J08_004943	B9J08_005230	498019.A0A2H0ZC88	498019.A0A2H0ZD52	0	0	0	0	0.268	0.758	0.109	0.642	0.935
B9J08_004943	Erg11	498019.A0A2H0ZC88	498019.A0A2H1A309	0	0	0	0	0.186	0.948	0	0.854	0.993
B9J08_005230	XP_028892667	498019.A0A2H0ZD52	498019.A0A2H1A7H1	0	0	0	0	0	0.062	0	0.421	0.433
B9J08_005230	Erg11	498019.A0A2H0ZD52	498019.A0A2H1A309	0	0	0	0	0.789	0.758	0.053	0.654	0.981
Erg11	XP_028892667	498019.A0A2H1A309	498019.A0A2H1A7H1	0	0	0	0	0.079	0.047	0.047	0.854	0.861
